Product Number,Description
908488C1,"Clamp, Cable"
907269C1,"Cable, Ignition, 32 In"
700894C1,"Cable, Thermocouple, Type- K, 16"
199358-200,"Harness Assy, Thermocouple"
190309-6,"Cable, Armored"
190309-4,"Cable, Armored, Triad"
190309-3,"Cable, Armored, Triad"
156110-252,"Harness Assy, Wire Tc5 Probe"
1098174-31,"Cable, Mc-hl, Triad"
1098174-21,"Cable, Mc-hl, Pair"
1087495-1,Cable
1078029-200,"Cable, Bam, 50 Ft"
1071783-3,"Cable, Tray"
1071783-1,"Cable, Shielded, Pair"
1071782-241,"Cable, Tc-er, Pair"
1071782-102,"Cable, Tc-er, Single"
1071431-241,"Cable, Tc-er, Pair"
1071431-201,"Cable, Tc-er, Pair"
1057564-2,"Cable, Thermocouple, Type-n, 18"
1054710-1,"Cable, Armored, Pair"
1040131-7,"Cable, Communication, Ethernet"
1040131-6,Cable
1040131-1,"Cable, Communication, Ethernet"
1022279-8,"Cover, Duct, Wire, 4 In, Blue"
1022279-6,"Cover, Duct, Wire, 3 In, Blue"
1022279-3,"Cover, Duct, Wire, 3 In, Gray"
1022279-26,"Duct, Wire, 4 In X 4 In, Blue"
1022279-21,"Duct, Wire, 2 In X 3 In, Blue"
1022279-20,"Duct, Wire, 3 In X 3 In, Blue"
1022279-19,"Duct, Wire, 3 In X 4 In, Blue"
1022279-17,"Duct, Wire, 3 In X 4 In, Gray"
1022279-16,"Duct, Wire, 2 In X 4 In, Gray"
1022279-10,"Duct, Wire, 1 In X 2 In, Gray"
917198C1,"Cable, Shielded, Triad"
190898-3,"Cable, Armored, Single"
190308-3,"Cable, Armored, Pair"
120245-8,"Cable, Thermocouple, Type- K, 24"
120245-12,"Cable, Thermocouple, Type- K, 24"
1041158-1,"Cable, Shieled, Pair"
1015162-13,"Wire, 14 Awg, White, Stranded"
1098580-41,"Cable, Fiber Optic, 3 M, Sc-sc"
2466149-2,"Cable, Power Supply, Unshielded"
1899204-3,"Cable, Communication, Ethernet"
604405C1,"Cable, Vib Probe Extension, 4.5m"
1901583-4,"Cable, Ignition, 60 In"
1901583-5,"Cable, Ignition, 84 In"
1901583-2,"Cable, Shielded, Quick"
1106458-10,"Cable, Communication"
1105411-14,"Cable, Armored, Circular"
1105411-8,"Cable, Armored, Circular"
1105411-10,"Cable, Armored, Circular"
2057335-100,"Cable Assy, M12, 6ft"
2053009-5,"Sleeve, Protective, Black"
605482C1,"Cable, Fiber Optic, 3.33 Ft, 1.02"
605478C1,"Cable, Fiber Optic, 5.6 M"
2544733-1,"Cable Tie, 0.185 In W X 14.6 In"
1907880-8,"Kit, Cable"
1907880-7,Wire
1907880-15,"Cable, Communication"
1907880-17,"Cable, Communication"
1907880-19,"Cable, Communication"
1907880-14,"Cable, Communication"
156110-400,"Harness Assy, Wire T5 Probe"
1876573-108,"Cable, Shielded"
1887275-8,"Cable, Tc-er, Pair"
1883366-5,"Cable, Power Supply, Unshielded"
1883365-3,"Cable, Tc-er, Triad"
1899204-2,"Cable, Communication, Ethernet"
1015162-56,"Wire, 12 Awg, Green"
1105240-11,"Cable, Power Supply, Shielded"
1128747-10,"Cable, Armored, Shielded, Female"
1128747-13,"Cable, Armored, Shielded, Female"
1022279-12,"Duct, Wire, 2 In X 2 In, Gray"
1015162-25,"Wire, 6 Awg, White, Stranded"
995650C1,"Wire, Safety, 0.047 In, 302/304"
1071782-805,"Cable, Tc-er, Triad"
1071782-704,"Cable, Tc-er, Pair"
1016710-7,"Cable, Shielded"
1071782-305,"Cable, Tc-er, Triad"
120245-13,"Cable, Thermocouple, Type- K, 24"
1071782-205,"Cable, Tc-er, Pair"
1071782-117,"Cable, Tc-er, Single"
1022941-2,"Cable, Shielded, Pair"
1030710-220,"Cable, Communication, Controlnet"
1030710-110,"Cable, Coaxial, Bnc"
1071783-4,"Cable, Shielded, Pair"
1322418-92,"Cable, Communication, Ribbon"
1071782-103,"Cable, Tc-er, Single"
1302073-220,"Cable, Communication, Ethernet"
1066211-3200,"Harness, Coax, Gen Box, Tc Box"
1066211-3300,"Harness, Coax, Gen Box, Tc Box"
1302073-84,"Cable, Communication, Ethernet"
1302073-280,"Cable, Communication, Ethernet"
1302073-140,"Cable, Communication, Ethernet"
1302073-200,"Cable, Communication, Ethernet"
1302073-108,"Cable, Communication, Ethernet"
1040131-17,"Cable, Communication, Ethernet"
190898-8,"Cable, Armored, Single"
156157-1,"Cable, Thermocouple"
1115576-1,"Cable, Thermocouple, Type- K, 16"
1063106-50,"Cable Assy, 50', Shld, Twisted"
1302073-240,"Cable, Communication, Ethernet"
1302073-180,"Cable, Communication, Ethernet"
1302073-120,"Cable, Communication, Ethernet"
1071431-142,"Cable, Tc-er, Single"
1098580-21,"Cable, Fiber Optic, 1 M, St-st"
1105240-12,"Cable, Power Supply, Shielded"
190308-10,"Wire, 16 Awg, Blue, Shielded"
1782130-5,"Cable, Communication, Ethernet"
1782130-6,"Cable, Communication, Ethernet"
1071782-801,"Cable, Tc-er, Triad"
1098580-13,"Cable, Fiber Optic, 1 M, Duplex"
1022279-9,"Cover, Duct, Wire, 1 In, Blue"
1066211-2600,"Harness, Package"
1066211-2100,"Harness Assy, M50"
1066211-2000,"Harness Assy, Tc"
1056454-100,"Harness, Digital B/u Overspeed"
600643C1,"Cable, Vib Probe Extension, 4.5m"
1022279-5,"Cover, Duct, Wire, 1.5 In, Gray"
1022279-11,"Duct, Wire, 1.5 In X 2 In, Gray"
964789C1,"Sleeve, Protective, Expanding"
1071431-141,"Cable, Tc-er, Single"
601581C1,"Cable, Velocity Transducer"
700643C1,"Wire, 2 Awg, Grn-ylw"
1782130-2,"Cable, Communication, Ethernet"
1105243-5,"Cable, Power Supply"
1782130-4,"Cable, Communication, Ethernet"
1071782-226,"Cable, Tc-er, Pair"
186985-8,"Cable, Accelerometer, 8 Ft"
1046415-52,"Cable, Power Supply, Armored"
1053235-85,"Clamp, Cable"
1064151-2,"Duct, Wire, 1 In X 3 In, Blue"
233693-1,"Cover, Duct, Wire"
204358-201,"Harness Assy, Thermocouple"
1008004-6,"Cable, Armored, Single"
1034347-3,"Cable, Accelerometer, 16.0 Ft"
190899-1,"Cable, Armored, Shielded, Pair"
1059803-2002,"Harness, Speed"
1634974-5,"Cable, Communication, Serial"
1015162-28,"Wire, 4 Awg, White, Stranded"
1014333-11,"Wire, 18 Awg, Red, White, Black"
1022279-7,"Cover, Duct, Wire, 2 In, Blue"
1022279-4,"Cover, Duct, Wire, 4 In, Gray"
190308-4,"Cable, Armored, Pair"
190308-11,"Cable, Armored, Pair"
190308-1,"Cable, Armored, Pair"
190307-4,"Cable, Armored, Single"
1022279-18,"Duct, Wire, 4 In X 4 In, Gray"
1022279-15,"Duct, Wire, 3 In X 3 In, Gray"
1059550-3C941,"Harness, F&g"
1075034-1,"Cable, Shielded, Pair"
917205C2,"Cable, Thermocouple, Type- K, 16"
1079053-4,"Cable, Mc-hl, Single"
1079053-14,"Cable, Mc-hl, Single"
1071783-6,"Cable, Shielded, Pair"
1071783-5,"Cable, Shielded, Pair"
1071782-203,"Cable, Tc-er, Pair"
1071782-135,"Cable, Tc-er, Single"
1071782-133,"Cable, Tc-er, Single"
1071782-113,"Cable, Tc-er, Single"
1071782-101,"Cable, Tc-er, Single"
1024467-22,"Cable, Series, M-f"
1085271-97,"Cable, Fiber Optic"
1022941-33,"Wire, 12 Awg, Black, Red, White"
1054710-5,"Cable, Armored, Pair"
1059802-2100,"Harness, Gen Box To Tc Box"
120245-11,"Cable, Thermocouple, Type- K, 24"
1038124-200,"Cable, Communication, Extension"
1046415-47,"Cable, Coaxial, D-type"
1046415-40,"Cable, Armored"
1046415-27,"Cable, Communication, Controlnet"
1059418-7101,"Harness Assy, T5, Remote Node"
1058732-17,"Cover, Harness, 24 Pole"
1302073-400,"Cable, Communication, Ethernet"
1302073-600,"Cable, Communication, Ethernet"
967670C1,"Connector, Wire, Twist On Nut"
1085476-1,Wire
1037479-10,"Cable, Coaxial"
2684693-40,"Cable, Extension, Backplane"
605565C1,"Cable Assy, Hmi"
2684693-41,"Cable, Extension, Backplane"
2762566-18,"Coupler, Cable"
190307-15,"Cable, Armored, Unshielded"
190308-12,"Cable, Armored, Pair"
1071431-303,"Cable, Tc-er, Triad"
1105240-8,"Cable, Power Supply, Shielded"
1071782-311,"Cable, Tc-er, Triad"
1071782-304,"Cable, Tc-er, Triad"
1071782-302,"Cable, Tc-er, Triad"
1071782-207,"Cable, Tc-er, Pair"
1071782-111,"Cable, Tc-er, Single"
1071431-302,"Cable, Tc-er, Triad"
1071431-135,"Cable, Tc-er, Single"
1121858-2,"Wire, 4 Awg, Black, Insulated"
1071782-112,"Cable, Tc-er, Single"
1071431-131,"Cable, Tc-er, Single"
1582236-1,"Cable, Fiber Optic"
1015162-55,"Wire, 14 Awg, Green"
917200C1,"Cable, Shielded, Pair"
1071782-204,"Cable, Tc-er, Pair"
1302073-48,"Cable, Communication, Ethernet"
1302073-72,"Cable, Communication, Ethernet"
1078029-100,"Cable, Bam, 50 Ft"
1015162-1,"Wire, 22 Awg, White, Stranded"
1302073-160,"Cable, Communication, Ethernet"
1071431-143,"Cable, Tc-er, Single"
1071431-138,"Cable, Tc-er, Single"
1464732-1,"Cable, Tc-er, Pair"
1464732-2,"Cable, Tc-er, Pair"
1008005-1,"Cable, Shielded, Armored"
994193C1,"Cable, Vib Probe Extension, 4.5m"
1302073-24,"Cable, Communication, Ethernet"
1302073-96,"Cable, Communication, Ethernet"
1302073-36,"Cable, Communication, Ethernet"
1302073-60,"Cable, Communication, Ethernet"
1030710-170,"Cable, Coaxial"
1322418-90,"Cable, Communication, Extension"
1022279-25,"Duct, Wire, 4 In X 5 In, Gray"
1040131-9,"Cable, Communication, Ethernet"
600586C1,"Cable, Vib Probe Ext, 8.5 M"
1015162-57,"Wire, 8 Awg, Green"
1015162-54,"Wire, 16 Awg, Green"
1096067-E2410,"Kit, Cable"
1302073-6,"Cable, Communication, Ethernet"
1098580-46,"Cable, Fiber Optic, 1 M, St, Lc"
190898-2,"Cable, Unshielded, Armored"
1105411-7,"Cable, Armored, Circular"
1128747-14,"Cable, Armored, Shielded, Female"
997967C1,"Cable, Extension"
997416C1,"Cable, Vib Probe Extension"
967213C1,"Wire, 8 Awg, Grn-ylw"
970415C1,"Wrap, Spiral"